{
  "accuracy": 0.3333333333333333,
  "confusion_matrix": [
    [
      8,
      0,
      0
    ],
    [
      8,
      0,
      0
    ],
    [
      8,
      0,
      0
    ]
  ],
  "per_class_metrics": {
    "happy": {
      "precision": 0.3333333333333333,
      "recall": 1.0,
      "f1": 0.5
    },
    "neutral": {
      "precision": 0.0,
      "recall": 0.0,
      "f1": 0.0
    },
    "sad": {
      "precision": 0.0,
      "recall": 0.0,
      "f1": 0.0
    }
  },
  "macro_f1": 0.16666666666666666
}