{
  "split": {
    "train_size": 69,
    "val_size": 12,
    "test_size": 18
  },
  "test_accuracy": 1.0,
  "test_macro_f1": 1.0,
  "confusion_matrix": [
    [
      6,
      0,
      0
    ],
    [
      0,
      6,
      0
    ],
    [
      0,
      0,
      6
    ]
  ],
  "final_losses": {
    "train": 0.000824641196857738,
    "val": 0.0007723020791563519
  }
}